Time,Result,Source_Label,Original_File
135.33208225150605,OK,1,protocol1
165.1233490789463,OK,0,protocol1
245.2329542568199,OK,1,protocol1
301.9041144959863,D,0,protocol1
367.1678729882311,OK,1,protocol1
464.4123170328502,OK,0,protocol1
532.6545412328073,OK,1,protocol1
611.4234273018567,OK,0,protocol1
655.3068162125106,OK,1,protocol1
740.5230030528548,OK,0,protocol1
767.98157086502,OK,1,protocol1
863.5379661212637,OK,1,protocol1
906.9296027204182,OK,0,protocol1
970.700589182214,D,1,protocol1
1092.4173419014498,OK,0,protocol1
1092.6074834409972,D,1,protocol1
1179.7435290468609,OK,1,protocol1
1207.2438240105628,OK,0,protocol1
1294.978366619166,OK,1,protocol1
1378.3051463725435,OK,0,protocol1
1429.3119874887814,OK,1,protocol1
1536.1638682436114,OK,0,protocol1
1569.647894475319,OK,1,protocol1
1667.174311221816,OK,0,protocol1
1679.1946480251686,OK,1,protocol1
1797.5781847365838,OK,1,protocol1
1860.8131236459824,OK,0,protocol1
1924.8470425208984,OK,1,protocol1
2029.542038810085,OK,0,protocol1
2066.358756575766,OK,1,protocol1
2173.394824816274,OK,1,protocol1
2206.3464208070977,OK,0,protocol1
2282.4737386620745,OK,1,protocol1
2329.8007213382925,OK,0,protocol1
2428.4651962711537,OK,1,protocol1
2470.383164749233,OK,0,protocol1
2549.69810369675,OK,1,protocol1
2640.0238440256526,OK,0,protocol1
2667.63882599253,OK,1,protocol1
2777.890487861192,OK,1,protocol1
2798.3797673086538,OK,0,protocol1
2909.6295190357605,OK,1,protocol1
2918.5999994512904,OK,0,protocol1
3021.077925950989,OK,1,protocol1
3088.8519392769563,OK,0,protocol1
3119.9697083232268,OK,1,protocol1
3222.0784917229685,OK,0,protocol1
3269.496035999682,OK,1,protocol1
3376.643697110034,OK,1,protocol1
3446.2644020601088,OK,0,protocol1
3529.6823466897144,OK,1,protocol1
3594.202818203942,OK,0,protocol1
3621.355293966672,OK,1,protocol1
3721.390344827512,OK,1,protocol1
3768.30048607304,OK,0,protocol1
3875.017149158245,OK,1,protocol1
3911.474326835189,OK,0,protocol1
4006.920198205808,OK,1,protocol1
4024.470184708764,OK,0,protocol1
4139.634328239702,OK,1,protocol1
4160.852933803511,OK,0,protocol1
4267.464979571135,OK,1,protocol1
4291.788719919277,OK,0,protocol1
4371.440682386513,OK,1,protocol1
4486.297661435178,OK,0,protocol1
4498.022966284833,OK,1,protocol1
4590.764314101619,OK,1,protocol1
4625.2850655681705,OK,0,protocol1
4721.578464599146,OK,1,protocol1
4747.859020233393,OK,0,protocol1
4835.353963627062,OK,1,protocol1
4878.367686634437,OK,0,protocol1
4955.30854499307,OK,1,protocol1
4987.116628928832,D,0,protocol1
5092.261826446757,OK,1,protocol1
5095.813739173365,OK,0,protocol1
5194.013657762196,OK,1,protocol1
5254.376338081605,OK,0,protocol1
5319.987151022947,OK,1,protocol1
5429.783323532641,D,0,protocol1
5456.074315811979,OK,1,protocol1
5562.970220166232,D,0,protocol1
5593.850155349055,OK,1,protocol1
5665.500519511882,D,0,protocol1
5727.149632950293,OK,1,protocol1
5795.637329590373,OK,0,protocol1
5823.466072809698,OK,1,protocol1
5942.777937408618,OK,1,protocol1
5949.428710419002,OK,0,protocol1
6064.768084664091,OK,1,protocol1
6066.620721852139,OK,0,protocol1
6186.479899272829,OK,1,protocol1
6239.225750485483,OK,0,protocol1
6319.499065956881,OK,1,protocol1
6419.972189581534,OK,0,protocol1
6436.754272720754,OK,1,protocol1
6530.703091173049,OK,1,protocol1
6573.873396218196,D,0,protocol1
6678.64507726082,OK,1,protocol1
6688.070174616926,OK,0,protocol1
6788.771128570254,OK,1,protocol1
6847.021105227325,OK,0,protocol1
6875.581440230983,OK,1,protocol1
7022.88832214643,OK,1,protocol1
7023.825917545487,OK,0,protocol1
7149.593112219079,OK,1,protocol1
7161.252376338664,OK,0,protocol1
7276.443028126892,OK,1,protocol1
7308.833856289255,D,0,protocol1
7426.574311329556,OK,1,protocol1
7516.047854378323,D,0,protocol1
7518.492765696067,OK,1,protocol1
7639.291090223667,OK,1,protocol1
7692.837510279433,OK,0,protocol1
7767.051998051304,OK,1,protocol1
7837.159399944372,OK,0,protocol1
7874.182870098743,OK,1,protocol1
7980.17441338322,OK,1,protocol1
8000.287785999339,OK,0,protocol1
8094.4676497041155,OK,1,protocol1
8176.928681169731,OK,0,protocol1
8207.010106766806,OK,1,protocol1
8282.733059946897,OK,0,protocol1
8331.15203756707,OK,1,protocol1
8393.49490731123,OK,0,protocol1
8470.344874917244,OK,1,protocol1
8514.53557545386,D,0,protocol1
8581.037707635463,OK,1,protocol1
8672.528174934305,OK,0,protocol1
8710.24440674106,OK,1,protocol1
8797.054165149795,OK,0,protocol1
8870.767648009116,OK,1,protocol1
8975.783838463534,OK,0,protocol1
8983.63708480143,OK,1,protocol1
9102.242095586314,OK,1,protocol1
9117.391026416057,OK,0,protocol1
9229.75860670864,OK,1,protocol1
9262.30619480512,OK,0,protocol1
9339.388490416868,D,1,protocol1
9382.260999842878,D,0,protocol1
9453.74899218164,OK,1,protocol1
9541.836710764208,OK,0,protocol1
9588.0603658006,OK,1,protocol1
9685.770524273856,OK,1,protocol1
9717.887113841784,OK,0,protocol1
9802.32973470352,OK,1,protocol1
9875.308343647685,OK,0,protocol1
9897.935480083726,OK,1,protocol1
9996.698258713286,OK,1,protocol1
108.48326609161022,OK,1,protocol2
193.120964680824,OK,0,protocol2
223.3945930138432,OK,1,protocol2
354.9613482456728,OK,1,protocol2
361.9257118925095,OK,0,protocol2
458.4547054598805,OK,1,protocol2
492.0925507101175,OK,0,protocol2
599.5317818660583,OK,1,protocol2
619.8703382141009,OK,0,protocol2
765.2800848355336,OK,1,protocol2
780.1345438004721,D,0,protocol2
899.8149501973043,OK,1,protocol2
949.5863807081192,OK,0,protocol2
1021.1145470018994,OK,1,protocol2
1062.612431254731,OK,0,protocol2
1138.1687881626858,OK,1,protocol2
1207.6333778546773,OK,0,protocol2
1274.3777889988432,OK,1,protocol2
1408.215381534627,OK,0,protocol2
1416.229635464818,OK,1,protocol2
1537.6507113077987,OK,1,protocol2
1549.3033236365006,OK,0,protocol2
1655.3077577113263,OK,1,protocol2
1673.0563786261207,OK,0,protocol2
1785.773179483106,OK,1,protocol2
1800.454070802987,OK,0,protocol2
1900.3768303177533,OK,1,protocol2
1913.5540161757176,OK,0,protocol2
2026.831328416748,OK,1,protocol2
2083.374190864293,OK,0,protocol2
2143.326550653123,D,1,protocol2
2203.231767977904,OK,0,protocol2
2290.308864757477,OK,1,protocol2
2393.00351977532,OK,0,protocol2
2417.487469968703,OK,1,protocol2
2545.947336975549,OK,1,protocol2
2566.0324528669744,OK,0,protocol2
2684.506752647664,OK,1,protocol2
2759.763977582607,OK,0,protocol2
2796.9103343468464,OK,1,protocol2
2920.1351871466472,OK,0,protocol2
2930.788278483654,OK,1,protocol2
3061.644457982941,OK,1,protocol2
3087.721798855673,OK,0,protocol2
3181.143089666903,OK,1,protocol2
3244.651700440963,OK,0,protocol2
3284.8764201539275,OK,1,protocol2
3409.162222553562,OK,0,protocol2
3409.272856099456,OK,1,protocol2
3527.5939532464126,OK,1,protocol2
3528.180804267773,OK,0,protocol2
3646.030179730316,OK,1,protocol2
3649.47478027281,OK,0,protocol2
3783.985051020112,OK,1,protocol2
3785.1859680323983,D,0,protocol2
3897.595886184516,OK,1,protocol2
3898.738025954712,OK,0,protocol2
3978.755847884229,OK,1,protocol2
4053.689920369048,OK,0,protocol2
4091.011898656124,OK,1,protocol2
4196.549105318265,OK,0,protocol2
4202.992196704291,OK,1,protocol2
4314.425864052648,OK,1,protocol2
4331.696256277031,OK,0,protocol2
4461.5908845341455,OK,1,protocol2
4469.709088707201,OK,0,protocol2
4588.116236778669,OK,1,protocol2
4599.387683062359,OK,0,protocol2
4698.4182761482825,OK,1,protocol2
4725.492016502809,OK,0,protocol2
4827.26255011806,OK,1,protocol2
4867.960802871535,D,0,protocol2
4945.837310069434,OK,1,protocol2
5036.328093087306,OK,0,protocol2
5043.659841939401,OK,1,protocol2
5172.920418918755,OK,1,protocol2
5227.41253684911,OK,0,protocol2
5297.762907586736,OK,1,protocol2
5369.529990308276,OK,0,protocol2
5441.517017283753,OK,1,protocol2
5525.575832893118,OK,0,protocol2
5554.28598790482,OK,1,protocol2
5627.417091592817,OK,0,protocol2
5694.4311695955175,OK,1,protocol2
5795.329516624386,OK,0,protocol2
5818.43195463949,OK,1,protocol2
5935.8610886598335,OK,1,protocol2
5937.393032431205,OK,0,protocol2
6071.697781080966,OK,1,protocol2
6083.514546358206,OK,0,protocol2
6182.926006688325,OK,1,protocol2
6224.624543244644,OK,0,protocol2
6323.034538619525,OK,1,protocol2
6402.489335501255,OK,0,protocol2
6442.1133748349575,OK,1,protocol2
6539.5678866112185,OK,0,protocol2
6571.198115995353,OK,1,protocol2
6678.4262903443305,OK,0,protocol2
6699.057726886756,OK,1,protocol2
6820.624408128967,OK,1,protocol2
6832.840878061525,OK,0,protocol2
6949.55094011711,OK,1,protocol2
6978.5759990690485,OK,0,protocol2
7080.973439382433,OK,1,protocol2
7171.696758467065,OK,0,protocol2
7196.427903685034,OK,1,protocol2
7309.618171089891,OK,0,protocol2
7315.862906835645,OK,1,protocol2
7453.136640976599,D,1,protocol2
7455.881934317657,OK,0,protocol2
7582.736230496042,OK,1,protocol2
7641.348034671106,OK,0,protocol2
7697.131198607056,OK,1,protocol2
7797.872436210806,D,0,protocol2
7822.304527242472,OK,1,protocol2
7944.517235346912,OK,1,protocol2
7991.068508271365,OK,0,protocol2
8052.479792531933,D,1,protocol2
8136.548380510355,OK,0,protocol2
8151.032501868654,OK,1,protocol2
8269.427373035272,OK,1,protocol2
8271.031751167578,OK,0,protocol2
8393.386624056331,OK,1,protocol2
8416.542128636724,OK,0,protocol2
8529.373499467292,OK,1,protocol2
8545.994721922714,OK,0,protocol2
8662.570407202064,D,1,protocol2
8665.734007898447,OK,0,protocol2
8763.912897366941,D,1,protocol2
8812.071669026627,OK,0,protocol2
8871.717876265366,OK,1,protocol2
8978.28399236305,D,0,protocol2
9006.316473865547,OK,1,protocol2
9116.952109188192,OK,1,protocol2
9122.932102962955,OK,0,protocol2
9229.163801999572,OK,1,protocol2
9270.660155879385,OK,0,protocol2
9322.83254959423,D,1,protocol2
9396.354702223523,D,0,protocol2
9436.485035295547,OK,1,protocol2
9583.7796976117,OK,1,protocol2
9606.585831936009,OK,0,protocol2
9673.684142853735,OK,1,protocol2
9796.86618685536,OK,0,protocol2
9808.34361937263,OK,1,protocol2
9906.99267921608,OK,1,protocol2
9922.977216681857,OK,0,protocol2
114.89898520444736,OK,1,protocol3
118.12197622749188,OK,1,protocol3
220.84170399436653,OK,1,protocol3
285.8955163241495,OK,0,protocol3
319.0722065853923,OK,1,protocol3
423.5909180138134,OK,1,protocol3
444.9257830562942,OK,0,protocol3
545.2192481384029,OK,1,protocol3
559.0507216771261,OK,0,protocol3
667.6654501594217,OK,1,protocol3
752.43006103415,OK,0,protocol3
755.5382787235793,OK,1,protocol3
853.7391099947026,OK,1,protocol3
888.6703570278058,OK,0,protocol3
999.9888079447832,OK,1,protocol3
1038.0442935867995,OK,0,protocol3
1136.7261546963157,OK,1,protocol3
1242.2551213950323,OK,0,protocol3
1251.034357142899,OK,1,protocol3
1374.7566218176753,OK,1,protocol3
1412.3095845039654,OK,0,protocol3
1471.4818242970132,OK,1,protocol3
1557.4129263860427,D,0,protocol3
1591.6289427575443,OK,1,protocol3
1682.4675021845103,OK,1,protocol3
1725.77847855747,OK,0,protocol3
1808.0210449408632,OK,1,protocol3
1894.3826051418653,OK,0,protocol3
1921.3418776622,OK,1,protocol3
2065.468458176085,OK,1,protocol3
2082.5281526571143,OK,0,protocol3
2182.12493279118,OK,1,protocol3
2219.3163389317333,OK,0,protocol3
2322.6552766195705,OK,1,protocol3
2328.389120524644,D,0,protocol3
2428.6863759240414,OK,1,protocol3
2477.782645569768,OK,0,protocol3
2531.3142446975144,OK,1,protocol3
2624.841584588447,OK,0,protocol3
2633.33811991197,OK,1,protocol3
2742.173440191098,OK,1,protocol3
2782.1680027035186,OK,0,protocol3
2885.156165360395,OK,1,protocol3
2931.002338579462,OK,0,protocol3
2989.564175921789,OK,1,protocol3
3082.12513233101,OK,0,protocol3
3097.55381113828,OK,1,protocol3
3203.7950923235167,OK,1,protocol3
3273.811489858196,OK,0,protocol3
3383.5987026433304,OK,1,protocol3
3407.399923457844,OK,0,protocol3
3516.970285465247,OK,1,protocol3
3533.6500751901845,OK,0,protocol3
3639.575779034685,OK,1,protocol3
3681.444876804576,D,0,protocol3
3776.607684283991,OK,1,protocol3
3837.7404677911977,OK,0,protocol3
3914.194403156023,OK,1,protocol3
3969.573191893164,OK,0,protocol3
4016.880916179791,OK,1,protocol3
4135.184264338427,OK,0,protocol3
4136.802762742673,OK,1,protocol3
4276.023853275043,OK,1,protocol3
4299.087072866067,OK,0,protocol3
4402.700885898203,OK,1,protocol3
4421.987647581285,OK,0,protocol3
4532.391023242871,OK,1,protocol3
4589.898237368005,OK,0,protocol3
4615.034490636626,OK,1,protocol3
4702.674288479658,D,1,protocol3
4717.360906422566,OK,0,protocol3
4823.320028900003,OK,1,protocol3
4887.731422285976,OK,0,protocol3
4940.334263627175,OK,1,protocol3
4993.62501536824,D,0,protocol3
5063.767158837717,OK,1,protocol3
5128.2327190728265,D,0,protocol3
5165.040192695825,OK,1,protocol3
5273.993823481373,D,0,protocol3
5303.314434102714,OK,1,protocol3
5417.0041968417245,OK,1,protocol3
5425.213125446214,D,0,protocol3
5553.058824262665,OK,1,protocol3
5561.737324518945,OK,0,protocol3
5652.81488517137,OK,1,protocol3
5709.748854234918,OK,0,protocol3
5789.872118377227,OK,1,protocol3
5823.561062959416,OK,0,protocol3
5916.584484436295,OK,1,protocol3
5963.340296973752,OK,0,protocol3
6017.972742132427,OK,1,protocol3
6087.518600355243,OK,0,protocol3
6152.989203973163,OK,1,protocol3
6252.877244084536,OK,0,protocol3
6267.620808988889,OK,1,protocol3
6425.458163235455,OK,1,protocol3
6428.660035149499,OK,0,protocol3
6558.268547356448,OK,1,protocol3
6586.857966258584,D,0,protocol3
6672.653187558135,OK,1,protocol3
6714.251466915496,OK,0,protocol3
6735.504714402568,OK,1,protocol3
6846.307838871725,OK,1,protocol3
6867.237136052889,OK,0,protocol3
6953.290049047003,OK,1,protocol3
6976.552802529797,OK,0,protocol3
7083.547618580387,OK,1,protocol3
7139.941905858441,OK,0,protocol3
7206.003374981729,OK,1,protocol3
7264.593240107476,OK,0,protocol3
7295.309120206056,OK,1,protocol3
7357.295656253721,OK,0,protocol3
7423.713643280141,OK,1,protocol3
7530.131499773376,OK,0,protocol3
7551.046006578867,OK,1,protocol3
7644.725320190336,OK,1,protocol3
7666.786210174228,D,0,protocol3
7745.056042970562,OK,1,protocol3
7802.68782281943,OK,0,protocol3
7848.199086727184,OK,1,protocol3
7952.783167193161,OK,1,protocol3
7977.8430003632,D,0,protocol3
8064.3592957459505,OK,1,protocol3
8108.351644598279,OK,0,protocol3
8164.302467312977,OK,1,protocol3
8262.335915730097,OK,0,protocol3
8269.42042430612,OK,1,protocol3
8400.671182363,OK,1,protocol3
8433.56363663928,OK,0,protocol3
8487.912029203588,D,1,protocol3
8607.214854734715,OK,0,protocol3
8618.485784141609,OK,1,protocol3
8746.522033085346,OK,1,protocol3
8789.99215997354,OK,0,protocol3
8863.29369920433,OK,1,protocol3
8939.073434037657,OK,0,protocol3
8980.478197584742,OK,1,protocol3
9052.707478243585,OK,0,protocol3
9099.9354864841,OK,1,protocol3
9186.261620934878,OK,0,protocol3
9231.317133199926,OK,1,protocol3
9313.051519455235,OK,0,protocol3
9380.70298747116,OK,1,protocol3
9471.93133056211,D,0,protocol3
9509.46861502489,OK,1,protocol3
9634.027497606468,OK,1,protocol3
9724.47148411016,OK,0,protocol3
9743.68596554355,OK,1,protocol3
9875.96732151494,OK,1,protocol3
9876.220353469664,OK,0,protocol3
9977.092446512988,OK,1,protocol3
134.39299834117642,D,1,protocol4
157.69100484720389,OK,1,protocol4
259.403730847145,OK,1,protocol4
276.21755769822425,OK,0,protocol4
387.16077997946815,OK,1,protocol4
435.47410956599737,D,0,protocol4
477.3233017897428,OK,1,protocol4
565.3120417235888,OK,0,protocol4
589.4831795929855,OK,1,protocol4
715.051159981427,OK,1,protocol4
731.4847447120806,OK,0,protocol4
858.4299807396206,OK,1,protocol4
862.8054693627969,D,0,protocol4
979.6814176179856,OK,1,protocol4
1028.5744462598757,OK,0,protocol4
1092.7605091025978,OK,1,protocol4
1187.852342181939,OK,0,protocol4
1215.7963106242391,OK,1,protocol4
1304.574387818739,OK,0,protocol4
1313.819162590821,OK,1,protocol4
1446.475677541686,OK,1,protocol4
1458.3807519576685,OK,0,protocol4
1575.0640139149275,OK,1,protocol4
1616.767985980011,OK,0,protocol4
1699.1438225068146,OK,1,protocol4
1784.5926766926773,OK,0,protocol4
1808.803304682689,OK,1,protocol4
1862.83614915236,OK,1,protocol4
1977.447088082513,OK,0,protocol4
1984.3588768706568,OK,1,protocol4
2138.153198654412,OK,1,protocol4
2156.44827036752,OK,0,protocol4
2264.060801969269,OK,1,protocol4
2265.5933162859897,D,0,protocol4
2386.714487916126,OK,1,protocol4
2457.958087200414,OK,0,protocol4
2515.689768264784,OK,1,protocol4
2595.222844677256,OK,0,protocol4
2633.9932696029587,OK,1,protocol4
2748.749999596129,OK,1,protocol4
2754.318632590705,OK,0,protocol4
2829.022902344428,OK,1,protocol4
2865.815104199768,OK,0,protocol4
2977.231484449247,D,1,protocol4
3046.1781718656985,OK,0,protocol4
3100.0152671312694,OK,1,protocol4
3207.6468500298283,OK,0,protocol4
3230.99950484427,OK,1,protocol4
3344.904631284211,OK,1,protocol4
3368.823941284562,OK,0,protocol4
3451.7785586888617,OK,1,protocol4
3530.7802388432897,OK,0,protocol4
3565.8897922214587,OK,1,protocol4
3664.672359407197,OK,1,protocol4
3716.746013662325,OK,0,protocol4
3796.182035070684,OK,1,protocol4
3840.375954338954,OK,0,protocol4
3926.406128410794,OK,1,protocol4
3985.747709349701,OK,0,protocol4
4069.133173832181,OK,1,protocol4
4133.163990378298,OK,0,protocol4
4194.663721483762,OK,1,protocol4
4313.714316814791,OK,0,protocol4
4334.356452360272,OK,1,protocol4
4457.460372774967,OK,1,protocol4
4464.415429831484,OK,0,protocol4
4530.748191041769,OK,1,protocol4
4606.201637983049,OK,0,protocol4
4644.848857900478,OK,1,protocol4
4738.533009753338,D,1,protocol4
4786.039771125135,OK,0,protocol4
4856.488160399718,D,1,protocol4
4935.806645808252,OK,0,protocol4
4985.416276182327,OK,1,protocol4
5092.250559842191,OK,1,protocol4
5176.114722369294,OK,0,protocol4
5194.012093735361,OK,1,protocol4
5308.550243359006,OK,0,protocol4
5334.73051012188,OK,1,protocol4
5479.911847373677,OK,1,protocol4
5491.103834144778,OK,0,protocol4
5582.950824658696,OK,1,protocol4
5645.62651570174,OK,0,protocol4
5716.00506082535,OK,1,protocol4
5799.782198617637,OK,0,protocol4
5827.524665611328,D,1,protocol4
5910.428173905591,OK,1,protocol4
5978.658242009756,OK,0,protocol4
6020.887493991382,OK,1,protocol4
6070.902139100715,OK,0,protocol4
6156.508050935302,OK,1,protocol4
6218.469435354211,OK,0,protocol4
6255.55747343936,OK,1,protocol4
6357.935122471643,OK,0,protocol4
6401.601662658736,OK,1,protocol4
6480.823471677449,OK,0,protocol4
6533.483766699802,OK,1,protocol4
6648.004573557875,OK,1,protocol4
6688.473218113341,OK,0,protocol4
6760.0070249054825,OK,1,protocol4
6805.603695484515,D,0,protocol4
6874.525775778199,OK,1,protocol4
6950.110436718931,OK,0,protocol4
6990.958129147858,OK,1,protocol4
7070.040005385876,OK,0,protocol4
7144.047404546581,OK,1,protocol4
7239.745430782484,OK,0,protocol4
7248.449033886742,OK,1,protocol4
7330.484079130184,OK,1,protocol4
7407.893050238242,OK,0,protocol4
7446.212664935267,OK,1,protocol4
7592.7068850881,OK,1,protocol4
7602.202334533069,OK,0,protocol4
7689.324084571306,OK,1,protocol4
7769.330992873302,OK,0,protocol4
7820.456234266589,OK,1,protocol4
7915.749425728848,OK,0,protocol4
7944.321524799315,OK,1,protocol4
8055.531860431028,OK,1,protocol4
8097.654884267257,OK,0,protocol4
8149.128612480269,OK,1,protocol4
8268.72037745237,OK,0,protocol4
8284.466550477022,OK,1,protocol4
8419.943985651313,OK,1,protocol4
8435.525601400446,OK,0,protocol4
8555.461477901044,D,1,protocol4
8594.469848635023,OK,0,protocol4
8692.540553191411,OK,1,protocol4
8736.254362524514,D,0,protocol4
8810.69809284084,OK,1,protocol4
8849.829100077388,OK,0,protocol4
8933.431819166708,OK,1,protocol4
8975.981665762398,OK,0,protocol4
9061.087115847384,OK,1,protocol4
9126.163214387894,OK,0,protocol4
9189.538568657315,OK,1,protocol4
9290.859482734497,OK,0,protocol4
9322.12353819911,OK,1,protocol4
9418.477204690613,OK,1,protocol4
9449.260275697969,OK,0,protocol4
9550.847959344384,OK,1,protocol4
9573.882161894067,OK,0,protocol4
9676.332313203397,OK,1,protocol4
9723.720826155846,OK,0,protocol4
9816.259577743016,OK,1,protocol4
9863.42733231283,OK,0,protocol4
9958.508932767923,OK,1,protocol4
114.06923080674666,OK,1,protocol5
148.32131626704788,OK,0,protocol5
226.26798706746888,OK,1,protocol5
326.7337428282009,OK,0,protocol5
355.6793911246131,OK,1,protocol5
457.01236881126215,OK,0,protocol5
485.87091279765207,OK,1,protocol5
544.35861656317,OK,0,protocol5
574.4499522790964,OK,1,protocol5
696.7211813960678,OK,1,protocol5
697.8313690389177,OK,0,protocol5
805.8866511865476,OK,1,protocol5
855.6846850940661,OK,0,protocol5
901.0197899454286,OK,1,protocol5
1002.8677768539404,OK,0,protocol5
1006.4368518571788,OK,1,protocol5
1125.434603729441,OK,1,protocol5
1161.576282600614,OK,0,protocol5
1237.338265800047,OK,1,protocol5
1360.9338949661037,D,0,protocol5
1367.431791073831,OK,1,protocol5
1490.9833775086297,D,1,protocol5
1502.0506221938126,OK,0,protocol5
1604.4275744103886,OK,1,protocol5
1651.4075025597035,OK,0,protocol5
1698.0047722171937,OK,1,protocol5
1786.6087057317152,OK,0,protocol5
1800.8001039721164,OK,1,protocol5
1937.5077784417008,OK,1,protocol5
1955.600503804032,OK,0,protocol5
2052.1051837144046,OK,1,protocol5
2129.268121442316,OK,0,protocol5
2145.214991099214,OK,1,protocol5
2270.250264494931,OK,1,protocol5
2323.897437161034,OK,0,protocol5
2356.658635301714,OK,1,protocol5
2448.599005087515,OK,1,protocol5
2492.2925241096805,OK,0,protocol5
2584.267201827793,OK,1,protocol5
2626.0156699867075,OK,0,protocol5
2714.2782022477704,OK,1,protocol5
2790.743885118431,OK,0,protocol5
2828.1419890471216,OK,1,protocol5
2901.215950048806,OK,0,protocol5
2964.6534132500187,OK,1,protocol5
3062.0906834324564,OK,0,protocol5
3095.723249053266,OK,1,protocol5
3176.790113196868,OK,1,protocol5
3273.999462713995,D,0,protocol5
3287.9663796147343,OK,1,protocol5
3420.773112495245,OK,1,protocol5
3436.5209810708843,D,0,protocol5
3551.901626142939,OK,1,protocol5
3594.742204843465,OK,0,protocol5
3636.062523529001,OK,1,protocol5
3727.1067291901513,OK,1,protocol5
3738.935358776268,OK,0,protocol5
3819.569930055095,OK,1,protocol5
3938.036814818797,OK,0,protocol5
3942.953250602583,OK,1,protocol5
4030.687668987864,OK,1,protocol5
4101.581424620776,D,0,protocol5
4124.704009739148,OK,1,protocol5
4224.032630986963,OK,0,protocol5
4254.094280813299,OK,1,protocol5
4401.909854806431,OK,1,protocol5
4438.586408053932,OK,0,protocol5
4520.96484845705,OK,1,protocol5
4609.221591057619,OK,0,protocol5
4641.615155618233,OK,1,protocol5
4737.635667735841,OK,1,protocol5
4766.339914552518,OK,0,protocol5
4850.606307854272,OK,1,protocol5
4935.332353106479,OK,0,protocol5
4991.394387849314,OK,1,protocol5
5084.724908013908,OK,0,protocol5
5098.894652906774,OK,1,protocol5
5226.021171997968,OK,1,protocol5
5249.923593404446,OK,0,protocol5
5317.917185947642,OK,1,protocol5
5346.831016255918,OK,0,protocol5
5443.336771395031,OK,1,protocol5
5511.218100992025,D,0,protocol5
5546.180950682445,OK,1,protocol5
5648.473970876986,OK,0,protocol5
5673.311921373567,OK,1,protocol5
5769.774068438903,OK,0,protocol5
5771.709293758734,OK,1,protocol5
5895.110088277312,OK,1,protocol5
5935.547264473532,D,0,protocol5
6048.444185629774,OK,1,protocol5
6122.338321304399,OK,0,protocol5
6186.104274339026,OK,1,protocol5
6263.132088940007,OK,0,protocol5
6331.643082027302,OK,1,protocol5
6407.724926154124,OK,0,protocol5
6436.101567412351,OK,1,protocol5
6555.049986666538,OK,1,protocol5
6557.813078032134,OK,0,protocol5
6663.768905180868,OK,1,protocol5
6740.089817251899,OK,0,protocol5
6809.165481900039,OK,1,protocol5
6911.2797647527805,OK,0,protocol5
6919.473695941536,OK,1,protocol5
7019.829182845633,OK,1,protocol5
7060.169670406428,OK,0,protocol5
7171.214259678989,OK,1,protocol5
7204.632581838362,OK,0,protocol5
7276.514593013655,OK,1,protocol5
7368.339866184884,OK,0,protocol5
7402.085752575454,OK,1,protocol5
7517.362221573729,OK,1,protocol5
7522.581789883234,OK,0,protocol5
7615.523672934294,OK,1,protocol5
7615.579026233417,OK,0,protocol5
7730.64984971461,OK,1,protocol5
7743.500186894475,OK,0,protocol5
7839.942961010322,OK,1,protocol5
7874.213003309575,OK,0,protocol5
7977.868967433723,OK,1,protocol5
8039.696442699234,OK,0,protocol5
8110.522388077488,OK,1,protocol5
8200.683595175593,OK,0,protocol5
8219.76080700621,OK,1,protocol5
8336.59564522242,OK,1,protocol5
8366.865251145502,OK,0,protocol5
8452.772928615492,OK,1,protocol5
8526.900087335442,OK,0,protocol5
8559.845176044022,OK,1,protocol5
8653.073523903868,OK,1,protocol5
8665.980305827023,OK,0,protocol5
8763.188106001595,OK,1,protocol5
8772.829051925846,OK,0,protocol5
8889.108930369339,OK,1,protocol5
8956.62485055017,OK,0,protocol5
8994.663998300763,OK,1,protocol5
9131.482632367555,OK,0,protocol5
9132.952532484507,OK,1,protocol5
9248.618552680588,OK,1,protocol5
9267.789487207578,OK,0,protocol5
9371.258795217653,OK,1,protocol5
9397.866592815535,OK,0,protocol5
9467.907142707514,OK,1,protocol5
9513.914278235296,OK,0,protocol5
9603.499722837483,OK,1,protocol5
9672.410401345978,OK,0,protocol5
9707.759528328676,OK,1,protocol5
9834.045273664158,OK,0,protocol5
9835.03262071754,OK,1,protocol5
9963.246695081894,OK,1,protocol5
9974.931044741266,OK,0,protocol5
10078.328143684585,OK,1,protocol5
10106.048379781989,OK,0,protocol5
10202.397192182623,OK,1,protocol5
10246.645000723767,OK,0,protocol5
10309.49618524089,OK,1,protocol5
10399.476520761487,OK,0,protocol5
10429.070688167049,OK,1,protocol5
10561.63412534426,OK,1,protocol5
10571.22789779034,OK,0,protocol5
10690.925737500207,OK,1,protocol5
10768.775297179422,OK,0,protocol5
10855.30380711008,OK,1,protocol5
10930.664720136292,OK,0,protocol5
10980.068293368116,OK,1,protocol5
11126.544604910538,OK,0,protocol5
11133.295323989229,OK,1,protocol5
11265.877343983797,OK,1,protocol5
11288.291513712771,OK,0,protocol5
11398.02831989441,OK,1,protocol5
11398.143976977157,OK,0,protocol5
11506.73370018697,OK,1,protocol5
11539.369155771974,OK,0,protocol5
11662.98445082518,OK,1,protocol5
11698.898071946936,OK,0,protocol5
11775.411471781455,OK,1,protocol5
11833.249747054282,D,0,protocol5
11892.4121930828,OK,1,protocol5
11989.848464333856,OK,0,protocol5
12000.761900110783,OK,1,protocol5
12115.491167473025,OK,1,protocol5
12164.008825892188,OK,0,protocol5
12245.726608619756,OK,1,protocol5
12302.475797201212,OK,0,protocol5
12367.371837386934,OK,1,protocol5
12464.721001692058,D,0,protocol5
12482.9738652618,D,1,protocol5
12564.178251567457,OK,1,protocol5
12611.18195151633,OK,0,protocol5
12709.465846672869,OK,1,protocol5
12769.57318849911,OK,0,protocol5
12823.749835214328,OK,1,protocol5
12908.262803657772,OK,0,protocol5
12936.558382642836,OK,1,protocol5
13035.117226635088,OK,1,protocol5
13103.329218582036,OK,0,protocol5
13105.853734403683,D,1,protocol5
13202.817879558172,OK,1,protocol5
13265.337679269573,D,0,protocol5
13324.899172204528,OK,1,protocol5
13450.762002622943,OK,0,protocol5
13465.296210852415,OK,1,protocol5
13596.29520316059,OK,1,protocol5
13600.063068446758,OK,0,protocol5
13696.64769948569,OK,1,protocol5
13732.052990461303,OK,0,protocol5
13839.929887630484,OK,1,protocol5
13906.87922601621,D,0,protocol5
13955.604165039287,OK,1,protocol5
14066.258901829326,OK,0,protocol5
14100.879530137354,OK,1,protocol5
14180.138130465435,OK,0,protocol5
14209.180129736516,OK,1,protocol5
14304.46020568635,OK,0,protocol5
14341.901614706238,OK,1,protocol5
14467.402345057906,D,1,protocol5
14493.056104719471,OK,0,protocol5
14606.104289339664,OK,1,protocol5
14622.958015176331,OK,0,protocol5
14741.913019336773,OK,1,protocol5
14742.306371414954,OK,0,protocol5
14881.584276155258,OK,1,protocol5
14907.50515770213,OK,0,protocol5
15012.118050476887,OK,1,protocol5
15105.746222902346,OK,0,protocol5
15153.776696162024,OK,1,protocol5
15290.26588911677,OK,0,protocol5
15293.94795950677,OK,1,protocol5
15371.519068957015,OK,1,protocol5
15429.817207338188,D,0,protocol5
15483.830020271467,D,1,protocol5
15594.401743151657,OK,0,protocol5
15616.929116117144,OK,1,protocol5
15741.272259255002,D,1,protocol5
15764.892424298516,OK,0,protocol5
15855.054607803071,OK,1,protocol5
15938.386250118596,OK,0,protocol5
15968.747602856973,OK,1,protocol5
16051.166460946006,OK,0,protocol5
16111.282089886352,OK,1,protocol5
16182.711383748188,OK,0,protocol5
16236.103071201143,OK,1,protocol5
16345.354109217902,OK,0,protocol5
16365.461853368372,OK,1,protocol5
16460.567616238903,OK,0,protocol5
16499.98608611814,OK,1,protocol5
16624.244808736712,OK,1,protocol5
16625.22789547505,OK,0,protocol5
16772.355049631056,OK,1,protocol5
16777.6485736786,OK,0,protocol5
16902.012611426497,OK,1,protocol5
16957.876276577168,D,0,protocol5
17061.07760015776,OK,1,protocol5
17119.552716486094,OK,0,protocol5
17193.344002298105,OK,1,protocol5
17290.414630136125,OK,0,protocol5
17329.94443850298,OK,1,protocol5
17439.29935599385,OK,0,protocol5
17457.284043080326,OK,1,protocol5
17566.396461205844,OK,1,protocol5
17586.01952103891,OK,0,protocol5
17685.98739344542,OK,1,protocol5
17758.56155637202,OK,0,protocol5
17805.480386798004,OK,1,protocol5
17925.983980459325,OK,0,protocol5
17942.720383401567,OK,1,protocol5
18056.90868323272,OK,1,protocol5
18098.078422635062,OK,0,protocol5
18166.19535622364,OK,1,protocol5
18252.972403020234,OK,0,protocol5
18264.28032574844,OK,1,protocol5
18407.543108449376,OK,1,protocol5
18461.87429954214,OK,0,protocol5
18549.39868559744,OK,1,protocol5
18607.69659744192,OK,0,protocol5
18676.858369722097,D,1,protocol5
18775.835948259417,OK,0,protocol5
18804.404184261843,OK,1,protocol5
18938.002331827312,OK,1,protocol5
18945.635240881835,OK,0,protocol5
19048.730171351563,OK,1,protocol5
19062.86532070594,OK,0,protocol5
19174.16140773034,OK,1,protocol5
19175.181281404784,OK,0,protocol5
19266.389491567646,OK,1,protocol5
19349.236613437177,OK,0,protocol5
19384.466102340462,OK,1,protocol5
19448.782893749343,OK,0,protocol5
19510.409520700825,OK,1,protocol5
19610.89346173885,OK,0,protocol5
19654.34090861282,OK,1,protocol5
19760.02406708693,OK,0,protocol5
19775.435334191647,OK,1,protocol5
19873.046123553733,OK,1,protocol5
19932.759719227368,OK,0,protocol5
19997.478182842373,OK,1,protocol5
20030.59961235684,OK,0,protocol5
20135.56256145507,OK,1,protocol5
20138.4299393842,OK,0,protocol5
20262.59128449776,OK,1,protocol5
20292.219009083023,OK,0,protocol5
20380.42506748808,OK,1,protocol5
20474.659354833704,OK,0,protocol5
20501.334809698736,OK,1,protocol5
20584.10879469897,OK,1,protocol5
20633.42005611113,OK,0,protocol5
20718.523784776306,D,1,protocol5
20762.70686874144,OK,0,protocol5
20859.4349477503,OK,1,protocol5
20870.35152505352,OK,0,protocol5
20946.841808947167,OK,1,protocol5
21052.488793740024,OK,0,protocol5
21073.24131510048,OK,1,protocol5
21169.029456601533,OK,0,protocol5
21199.982805673026,OK,1,protocol5
21322.2992871956,OK,1,protocol5
21339.18451046556,OK,0,protocol5
21427.06045324422,OK,1,protocol5
21502.344521482668,D,0,protocol5
21563.088039620863,OK,1,protocol5
21643.14504111772,OK,0,protocol5
21695.571979136363,OK,1,protocol5
21783.577765567927,OK,0,protocol5
21839.61061959262,OK,1,protocol5
21924.14980561547,OK,0,protocol5
21960.37550128484,OK,1,protocol5
22075.51479406541,OK,0,protocol5
22099.56109428964,OK,1,protocol5
22214.809395079497,OK,1,protocol5
22274.196301749707,OK,0,protocol5
22325.0448362786,OK,1,protocol5
22419.6264335267,OK,0,protocol5
22446.327517327223,OK,1,protocol5
22548.3414180836,OK,0,protocol5
22579.689572930107,OK,1,protocol5
22666.834929069195,OK,0,protocol5
22675.36246725233,OK,1,protocol5
22809.44893079933,OK,1,protocol5
22832.34012139337,OK,0,protocol5
22931.02640887348,OK,1,protocol5
22931.934434776347,OK,0,protocol5
23041.563935163344,OK,1,protocol5
23060.98329349695,OK,0,protocol5
23163.267145485184,OK,1,protocol5
23192.46759779732,OK,0,protocol5
23275.683199152863,OK,1,protocol5
23355.86393026748,OK,0,protocol5
23387.19435889136,OK,1,protocol5
23469.278116324323,OK,0,protocol5
23552.86601320504,OK,1,protocol5
23615.303331539733,OK,0,protocol5
23640.32268814629,OK,1,protocol5
23762.5128838874,OK,1,protocol5
23772.265009359595,OK,0,protocol5
23895.486647852125,OK,1,protocol5
23921.107215881068,OK,0,protocol5
24039.45414554325,OK,1,protocol5
24069.47524692548,OK,0,protocol5
24206.213340030565,OK,1,protocol5
24244.82486392848,OK,0,protocol5
24355.39346359391,OK,1,protocol5
24422.386545734626,OK,0,protocol5
24495.68519963124,OK,1,protocol5
24567.502539582427,OK,0,protocol5
24582.83502828339,OK,1,protocol5
24709.049559143463,OK,1,protocol5
24732.43985188544,OK,0,protocol5
24824.74908567479,OK,1,protocol5
24858.264190344595,OK,0,protocol5
24949.274953561748,OK,1,protocol5
25000.15764932052,OK,0,protocol5
25060.450310143533,OK,1,protocol5
25149.03005789604,D,0,protocol5
25159.18456028397,OK,1,protocol5
25270.41190149971,OK,1,protocol5
25317.067432697186,D,0,protocol5
25394.165866919408,OK,1,protocol5
25467.478059544537,OK,0,protocol5
25525.477933521004,D,1,protocol5
25580.66988649656,OK,0,protocol5
25642.5446356285,OK,1,protocol5
25752.507014102684,OK,0,protocol5
25775.661749372088,OK,1,protocol5
25882.54187176252,OK,1,protocol5
25919.375741099066,OK,0,protocol5
26013.584252071985,OK,1,protocol5
26047.272402605497,OK,0,protocol5
26143.927967431788,OK,1,protocol5
26212.76532188833,OK,0,protocol5
26271.733972534264,OK,1,protocol5
26320.482867116032,D,0,protocol5
26372.615760154105,OK,1,protocol5
26475.55694244364,OK,0,protocol5
26504.689244560177,OK,1,protocol5
26591.42601514181,OK,1,protocol5
26622.220793067485,OK,0,protocol5
26677.073897986043,OK,1,protocol5
26721.02421821929,D,0,protocol5
26797.45062879796,OK,1,protocol5
26895.033051859315,D,0,protocol5
26902.468924912548,OK,1,protocol5
27019.617707256624,OK,1,protocol5
27078.45195500404,OK,0,protocol5
27142.50734071141,OK,1,protocol5
27245.775980517385,OK,0,protocol5
27247.271619527328,OK,1,protocol5
27336.88971479964,OK,1,protocol5
27423.50209035557,D,0,protocol5
27431.209075123355,OK,1,protocol5
27522.66926372797,OK,1,protocol5
27557.592552910013,OK,0,protocol5
27629.005100812323,OK,1,protocol5
27672.163363458447,OK,0,protocol5
27778.17881974196,OK,1,protocol5
27853.384368188832,OK,0,protocol5
27897.222101583026,OK,1,protocol5
28000.780081076107,OK,0,protocol5
28030.544871803115,OK,1,protocol5
28140.16107693384,D,1,protocol5
28151.73803576718,OK,0,protocol5
28263.020314090325,OK,1,protocol5
28270.643274422684,OK,0,protocol5
28382.111161389712,OK,1,protocol5
28395.8324051389,OK,0,protocol5
28509.328905521168,OK,1,protocol5
28529.29120188504,OK,0,protocol5
28610.90398021387,OK,1,protocol5
28674.846589766552,OK,0,protocol5
28731.387400948104,OK,1,protocol5
28805.53409325267,OK,1,protocol5
28838.789990112047,D,0,protocol5
28914.46468131126,OK,1,protocol5
28981.38399227225,OK,0,protocol5
29037.357621669136,OK,1,protocol5
29143.37490119797,OK,0,protocol5
29156.427816917127,OK,1,protocol5
29290.31580893173,OK,1,protocol5
29304.82463651111,OK,0,protocol5
29398.77912600859,OK,1,protocol5
29410.058710913407,OK,0,protocol5
29475.23633069697,OK,1,protocol5
29499.33706002297,OK,0,protocol5
29592.844011553047,OK,1,protocol5
29635.00543317072,OK,0,protocol5
29715.42158005565,OK,1,protocol5
29832.069308401937,OK,0,protocol5
29838.20199544744,OK,1,protocol5
29912.39607386841,OK,1,protocol5
29970.96989922393,OK,0,protocol5
30014.896840576104,OK,1,protocol5
30117.69440624873,OK,1,protocol5
30150.15325923431,OK,0,protocol5
30241.41170426881,OK,1,protocol5
30262.68220234226,OK,0,protocol5
30362.07300117954,OK,1,protocol5
30417.651312004684,OK,0,protocol5
30490.342310179192,OK,1,protocol5
30579.30866473538,OK,0,protocol5
30613.743939022985,OK,1,protocol5
30693.444042528427,OK,1,protocol5
30707.145879048137,OK,0,protocol5
30793.05878956003,OK,1,protocol5
30830.439953509645,OK,0,protocol5
30920.43653446953,OK,1,protocol5
30984.636800217853,OK,0,protocol5
31034.114984701944,OK,1,protocol5
31094.181699699137,OK,0,protocol5
31172.13262752229,OK,1,protocol5
31234.15052725716,D,0,protocol5
31280.61145128471,OK,1,protocol5
31431.644268406853,OK,0,protocol5
31438.82113400467,OK,1,protocol5
31539.89020082729,OK,1,protocol5
31598.885102022552,OK,0,protocol5
31707.9005092618,OK,1,protocol5
31713.900445423194,OK,0,protocol5
31830.44720335222,OK,1,protocol5
31835.343468614312,OK,0,protocol5
31959.38702673924,OK,1,protocol5
31960.995316017925,OK,0,protocol5
32091.80969815873,OK,1,protocol5
32100.20987888832,OK,0,protocol5
32209.076616593204,OK,1,protocol5
32258.11313275224,OK,0,protocol5
32339.24350321056,OK,1,protocol5
32363.012592789728,OK,0,protocol5
32457.336253990627,OK,1,protocol5
32522.105029526698,OK,0,protocol5
32580.88639297018,OK,1,protocol5
32691.55015017474,OK,0,protocol5
32697.259917732965,OK,1,protocol5
32803.36684152134,OK,1,protocol5
32812.76616602534,OK,0,protocol5
32928.545341770674,OK,1,protocol5
32963.39313283018,OK,0,protocol5
33067.57677521433,OK,1,protocol5
33099.97134782325,OK,0,protocol5
33187.38599893992,OK,1,protocol5
33208.30178793282,OK,0,protocol5
33306.00472138509,OK,1,protocol5
33388.354306215784,D,0,protocol5
33398.88547672778,OK,1,protocol5
33494.527077260085,OK,1,protocol5
33503.969639959425,OK,0,protocol5
33629.94641547587,OK,1,protocol5
33636.56914763171,OK,0,protocol5
33775.33147769165,OK,1,protocol5
33779.163320516964,OK,0,protocol5
33913.5047685576,OK,1,protocol5
33975.71770268331,OK,0,protocol5
34012.32653161993,OK,1,protocol5
34062.69379447723,D,0,protocol5
34080.731980925055,OK,1,protocol5
34206.08727376776,OK,1,protocol5
34235.6785730026,OK,0,protocol5
34331.3380022505,OK,1,protocol5
34372.789173010715,OK,0,protocol5
34453.19017176365,OK,1,protocol5
34511.11871315145,OK,0,protocol5
34580.01491741834,OK,1,protocol5
34657.48879917806,OK,0,protocol5
34684.62424612558,OK,1,protocol5
34780.95866188063,D,1,protocol5
34805.11926228189,OK,0,protocol5
34914.29951705352,OK,1,protocol5
34916.755891643814,OK,0,protocol5
35040.16915484257,OK,1,protocol5
35077.379962231,D,0,protocol5
35199.26007268914,OK,1,protocol5
35211.39858289398,OK,0,protocol5
35312.31158470369,OK,1,protocol5
35359.59685080866,OK,0,protocol5
35460.10456963047,D,1,protocol5
35497.46429008985,D,0,protocol5
35566.84908707415,OK,1,protocol5
35675.63894213596,OK,0,protocol5
35676.85851390896,OK,1,protocol5
35773.41833051383,OK,1,protocol5
35820.7880118662,OK,0,protocol5
35867.50005143887,OK,1,protocol5
35975.14627569365,OK,0,protocol5
35979.52993894594,D,1,protocol5
36083.5207051423,OK,1,protocol5
36178.72443994368,OK,0,protocol5
36208.2643839908,OK,1,protocol5
36320.02993448881,D,0,protocol5
36320.60464333771,OK,1,protocol5
36414.49117212938,OK,1,protocol5
36452.09682022843,OK,0,protocol5
36520.58102500564,OK,1,protocol5
36583.23473749509,OK,0,protocol5
36635.992647127285,OK,1,protocol5
36731.41565091805,OK,0,protocol5
36768.311485636055,OK,1,protocol5
36862.89604359499,OK,0,protocol5
36873.54399026358,OK,1,protocol5
36990.34465999631,OK,1,protocol5
37045.97562625359,OK,0,protocol5
37096.03867710252,OK,1,protocol5
37213.018018244606,OK,0,protocol5
37216.665542988565,OK,1,protocol5
37331.989021666486,OK,1,protocol5
37336.9123454142,OK,0,protocol5
37444.27464252693,OK,1,protocol5
37483.44157952747,OK,0,protocol5
37550.02782553875,OK,1,protocol5
37605.44277652319,OK,0,protocol5
37657.07379184038,OK,1,protocol5
37749.75833144405,OK,0,protocol5
37759.68483950468,OK,1,protocol5
37881.306366280245,OK,1,protocol5
37912.706566989706,OK,0,protocol5
38030.01682512542,OK,1,protocol5
38060.85536895227,OK,0,protocol5
38197.39611334424,OK,1,protocol5
38212.66380827643,OK,0,protocol5
38325.222856110726,OK,1,protocol5
38345.03448980781,OK,0,protocol5
38457.56983351128,OK,1,protocol5
38491.19569704302,OK,0,protocol5
38534.007563866144,OK,1,protocol5
38653.79250533623,OK,0,protocol5
38661.76753493496,OK,1,protocol5
38794.977062308295,OK,1,protocol5
38847.71654794452,OK,0,protocol5
38937.866418501726,OK,1,protocol5
38992.992626042505,OK,0,protocol5
39011.27854571202,OK,1,protocol5
39103.42440689368,OK,1,protocol5
39207.79081589915,D,0,protocol5
39217.1408567138,OK,1,protocol5
39306.78675524775,OK,0,protocol5
39348.16144748616,OK,1,protocol5
39411.845681623,OK,0,protocol5
39484.68824264402,OK,1,protocol5
39582.71206195359,OK,0,protocol5
39592.25714337403,OK,1,protocol5
39707.51051029407,OK,1,protocol5
39711.20598653228,D,0,protocol5
39826.41997681605,OK,1,protocol5
39827.10782748545,OK,0,protocol5
39920.97800202052,OK,1,protocol5
39979.52317941388,OK,0,protocol5
40033.33675980768,OK,1,protocol5
40109.28036580646,OK,0,protocol5
40153.74232994102,OK,1,protocol5
40258.05467046744,OK,1,protocol5
40293.15755483885,OK,0,protocol5
40383.1092270221,OK,1,protocol5
40438.79823776851,OK,0,protocol5
40525.9818180786,OK,1,protocol5
40553.71127051101,OK,0,protocol5
40636.61261857718,OK,1,protocol5
40662.0426367863,OK,0,protocol5
40768.16533770213,OK,1,protocol5
40822.0782728896,OK,0,protocol5
40880.90425568148,D,1,protocol5
40903.06515392616,OK,0,protocol5
40996.885758931465,OK,1,protocol5
40999.08021279593,OK,0,protocol5
41114.55810486257,OK,1,protocol5
41182.76958507133,OK,0,protocol5
41242.92442932021,OK,1,protocol5
41331.038817205495,OK,0,protocol5
41376.058586843086,OK,1,protocol5
41422.49467010926,D,0,protocol5
41517.89977788174,OK,1,protocol5
41591.87650808752,OK,0,protocol5
41658.81308244578,OK,1,protocol5
41765.59265875212,OK,0,protocol5
41782.864022188405,D,1,protocol5
41879.98648192026,OK,1,protocol5
41897.11803386048,OK,0,protocol5
42003.088826113504,OK,1,protocol5
42044.37113782066,OK,0,protocol5
42143.77479051654,OK,1,protocol5
42158.6749788471,OK,0,protocol5
42251.82282418243,D,1,protocol5
42303.66472592572,OK,0,protocol5
42361.8695768809,OK,1,protocol5
42397.8845423084,OK,0,protocol5
42471.44682597413,OK,1,protocol5
42572.728891178616,D,0,protocol5
42598.09761322645,OK,1,protocol5
42694.918387757,OK,0,protocol5
42752.616621944384,OK,1,protocol5
42890.984810921545,OK,0,protocol5
42909.48923185795,OK,1,protocol5
43008.85114612556,OK,1,protocol5
43032.71821830246,D,0,protocol5
43112.12763132936,OK,1,protocol5
43238.93543351712,D,0,protocol5
43239.48655998959,OK,1,protocol5
43357.55736211393,OK,1,protocol5
43376.046464086925,OK,0,protocol5
43463.75390308242,OK,1,protocol5
43540.73775043809,D,0,protocol5
43574.10836908285,OK,1,protocol5
43670.960966934,OK,0,protocol5
43690.55168838208,OK,1,protocol5
43821.489381137966,D,1,protocol5
43833.26574047803,OK,0,protocol5
43968.8259360488,OK,1,protocol5
44035.74378353488,OK,0,protocol5
44044.46340039366,OK,1,protocol5
44143.81596757447,OK,1,protocol5
44168.23555173341,OK,0,protocol5
44241.96191735132,OK,1,protocol5
44332.08758706439,OK,0,protocol5
44334.88655462662,OK,1,protocol5
44455.14513529576,OK,1,protocol5
44489.5600434734,OK,0,protocol5
44548.68033052791,OK,1,protocol5
44638.28621255526,OK,0,protocol5
44673.22104292859,OK,1,protocol5
44782.13082398194,OK,1,protocol5
44796.01137634941,OK,0,protocol5
44902.91979495118,OK,1,protocol5
44957.13524133122,OK,0,protocol5
45031.28818161011,D,1,protocol5
45087.16591828379,OK,0,protocol5
45194.24677231188,OK,1,protocol5
45230.39123815603,OK,0,protocol5
45317.45976593984,OK,1,protocol5
45391.37088699352,OK,0,protocol5
45439.22128688452,OK,1,protocol5
45582.3405235866,OK,0,protocol5
45585.41087456557,OK,1,protocol5
45700.1675150946,OK,1,protocol5
45727.52972251292,OK,0,protocol5
45829.2209185943,OK,1,protocol5
45880.72809274552,D,0,protocol5
45956.70369622384,OK,1,protocol5
46040.607066640485,OK,0,protocol5
46059.37468595097,OK,1,protocol5
46124.10090720921,OK,1,protocol5
46186.21677231146,OK,0,protocol5
46246.91335200246,OK,1,protocol5
46330.70497665935,OK,0,protocol5
46364.18822864317,OK,1,protocol5
46464.784498450565,OK,0,protocol5
46500.879712835456,OK,1,protocol5
46654.58090785699,OK,1,protocol5
46686.938306675576,OK,0,protocol5
46780.67997998183,OK,1,protocol5
46843.88473073317,OK,0,protocol5
46905.20100471555,OK,1,protocol5
46964.60757804078,OK,0,protocol5
47054.71346201377,OK,1,protocol5
47083.6811795234,OK,0,protocol5
47236.37336906207,D,1,protocol5
47243.92085200186,D,0,protocol5
47348.405561050815,OK,1,protocol5
47395.57210256992,OK,0,protocol5
47471.70396619885,D,1,protocol5
47518.49575478711,OK,0,protocol5
47567.66866580651,OK,1,protocol5
47646.83423001151,OK,0,protocol5
47665.19138309139,OK,1,protocol5
47778.65679723145,OK,1,protocol5
47798.73118321184,OK,0,protocol5
47928.063405514615,OK,1,protocol5
47931.35477361826,OK,0,protocol5
48056.73080555574,OK,1,protocol5
48084.85778994783,OK,0,protocol5
48171.93056817675,OK,1,protocol5
48255.6641709498,OK,0,protocol5
48309.958234522666,OK,1,protocol5
48402.35960900379,OK,0,protocol5
48442.34720121859,OK,1,protocol5
48537.189320178346,OK,0,protocol5
48551.603779344085,D,1,protocol5
48665.37065232315,OK,1,protocol5
48678.94614551514,OK,0,protocol5
48791.63315374666,OK,1,protocol5
48838.692332816194,OK,0,protocol5
48885.59286758074,OK,1,protocol5
48984.67656706105,OK,0,protocol5
49003.21942418431,OK,1,protocol5
49093.32130347695,D,1,protocol5
49110.98288283416,OK,0,protocol5
49187.67080447263,OK,1,protocol5
49230.10857643322,OK,0,protocol5
49335.14419601619,OK,1,protocol5
49358.55871630512,OK,0,protocol5
49471.92183267119,OK,1,protocol5
49504.849151048016,OK,0,protocol5
49599.468733656846,OK,1,protocol5
49644.35822108106,OK,0,protocol5
49699.768216403885,OK,1,protocol5
49769.93025701342,OK,0,protocol5
49773.57179043912,OK,1,protocol5
49916.59651048301,OK,1,protocol5
49982.89954722345,OK,0,protocol5
50048.54879398241,OK,1,protocol5
50138.81403143836,OK,0,protocol5
50203.469324274,OK,1,protocol5
50307.558376173496,OK,0,protocol5
50341.47568159934,OK,1,protocol5
50425.57360872821,OK,1,protocol5
50489.35456689546,OK,0,protocol5
50548.34620758398,OK,1,protocol5
50643.69996520226,OK,0,protocol5
50659.19262646322,OK,1,protocol5
50778.19851888106,OK,1,protocol5
50822.24268603118,OK,0,protocol5
50946.82408681721,OK,1,protocol5
50992.104432054,OK,0,protocol5
51072.22432775264,OK,1,protocol5
51143.164055065856,D,0,protocol5
51180.1464233761,OK,1,protocol5
51306.51879622728,OK,0,protocol5
51308.199266314434,OK,1,protocol5
51415.30623429161,OK,1,protocol5
51431.09275734676,OK,0,protocol5
51532.257573898845,OK,1,protocol5
51609.0829048017,OK,0,protocol5
51649.745968907846,OK,1,protocol5
51764.93526397409,OK,0,protocol5
51796.17378251914,OK,1,protocol5
51849.3221749036,OK,0,protocol5
51895.41621687043,OK,1,protocol5
51970.50665210508,OK,0,protocol5
52012.83478629559,OK,1,protocol5
52134.18358177398,OK,0,protocol5
52159.36373483215,OK,1,protocol5
52276.72834190082,OK,1,protocol5
52323.8618949192,OK,0,protocol5
52373.02307726691,OK,1,protocol5
52445.00561272572,OK,0,protocol5
52471.12329904208,OK,1,protocol5
52592.12525288117,OK,1,protocol5
52597.97103200783,D,0,protocol5
52692.78342908912,OK,1,protocol5
52724.85815796084,OK,0,protocol5
52839.421260775205,OK,1,protocol5
52842.0786911486,OK,0,protocol5
52970.005808047936,OK,1,protocol5
53000.87145253884,OK,0,protocol5
53109.25402342497,OK,1,protocol5
53127.61572917148,OK,0,protocol5
53254.01088120154,OK,1,protocol5
53270.219409378966,D,0,protocol5
53383.76976422288,OK,1,protocol5
53409.694406964205,D,0,protocol5
53529.06391846919,OK,1,protocol5
53546.65451262323,OK,0,protocol5
53650.46686039013,OK,1,protocol5
53697.73063454111,OK,0,protocol5
53759.142171149615,OK,1,protocol5
53808.913426506544,OK,0,protocol5
53890.85951934414,OK,1,protocol5
53933.58820405664,OK,0,protocol5
53994.78831369127,OK,1,protocol5
54062.63776999919,OK,0,protocol5
54098.93288738204,OK,1,protocol5
54193.87774079196,OK,0,protocol5
54235.49626306479,OK,1,protocol5
54324.21976138893,OK,0,protocol5
54324.63238400861,OK,1,protocol5
54444.45824692295,OK,1,protocol5
54486.65358567793,OK,0,protocol5
54583.49412594832,D,1,protocol5
54605.30752020409,OK,0,protocol5
54721.67631085906,OK,1,protocol5
54745.47260432982,OK,0,protocol5
54849.39443709545,OK,1,protocol5
54878.977152371925,OK,0,protocol5
55000.70556342733,OK,1,protocol5
55074.25633415247,OK,0,protocol5
55105.75752751002,OK,1,protocol5
55212.36380566567,OK,1,protocol5
55265.39785993043,OK,0,protocol5
55344.74802049991,OK,1,protocol5
55423.40664223431,OK,0,protocol5
55457.3990692383,OK,1,protocol5
55559.09676260397,OK,0,protocol5
55560.14632538919,OK,1,protocol5
55664.18732244192,OK,1,protocol5
55731.761105952704,D,0,protocol5
55782.7763498342,OK,1,protocol5
55878.87679422205,D,0,protocol5
55901.98061764934,OK,1,protocol5
55996.182067320566,D,0,protocol5
55997.97574781736,OK,1,protocol5
56110.29918832359,OK,1,protocol5
56123.9383589109,OK,0,protocol5
56231.82280257522,OK,1,protocol5
56312.79929775189,OK,0,protocol5
56340.6838254817,OK,1,protocol5
56451.72273248628,OK,1,protocol5
56465.51481921229,OK,0,protocol5
56577.76170419218,OK,1,protocol5
56629.88095011839,OK,0,protocol5
56708.304143834976,OK,1,protocol5
56793.38357347694,OK,0,protocol5
56876.6921165524,OK,1,protocol5
56967.15641826348,OK,0,protocol5
57020.04889802436,OK,1,protocol5
57100.59325218864,D,0,protocol5
57186.801560655455,OK,1,protocol5
57289.01822955349,OK,0,protocol5
57313.28425102772,OK,1,protocol5
57408.92407139576,OK,1,protocol5
57450.614498004914,OK,0,protocol5
57549.89923708011,OK,1,protocol5
57626.41935832855,OK,0,protocol5
57706.47641642874,D,1,protocol5
57825.46557091463,OK,0,protocol5
57834.32682044437,D,1,protocol5
57934.588948034594,OK,1,protocol5
57944.718689780326,OK,0,protocol5
58079.393546707935,OK,1,protocol5
58079.769831228645,OK,0,protocol5
58228.471284720734,OK,1,protocol5
58246.654205265375,OK,0,protocol5
58335.30040924886,OK,1,protocol5
58350.56985805326,OK,0,protocol5
58472.15297677746,D,1,protocol5
58518.290090679,OK,0,protocol5
58588.05844990633,OK,1,protocol5
58603.88340415778,OK,0,protocol5
58715.64572152457,OK,1,protocol5
58753.026270351766,OK,0,protocol5
58833.12208580353,OK,1,protocol5
58891.34291306509,OK,0,protocol5
58984.88799477149,OK,1,protocol5
58987.02993058892,OK,0,protocol5
59099.519434712405,OK,1,protocol5
59102.72999222887,OK,0,protocol5
59175.984029160696,OK,1,protocol5
59236.086469453614,OK,0,protocol5
59297.898624934096,OK,1,protocol5
59415.47879863886,OK,0,protocol5
59437.40079974027,OK,1,protocol5
59565.36974806901,OK,1,protocol5
59598.848569129244,OK,0,protocol5
59687.07790221211,OK,1,protocol5
59780.92648959436,OK,0,protocol5
59800.134034055765,OK,1,protocol5
59914.42851731561,D,1,protocol5
59956.48201153284,OK,0,protocol5
60025.79337829696,OK,1,protocol5
60106.42551713168,OK,0,protocol5
60176.97514492912,OK,1,protocol5
60242.56881179835,D,0,protocol5
60288.83821028214,OK,1,protocol5
60386.95644234335,OK,1,protocol5
60404.08204811357,OK,0,protocol5
60489.03957242506,OK,1,protocol5
60572.91124951892,OK,0,protocol5
60596.030814318045,OK,1,protocol5
60708.60873248215,D,1,protocol5
60721.06817400738,OK,0,protocol5
60814.02785096754,OK,1,protocol5
60862.88985385844,OK,0,protocol5
60937.97495788933,OK,1,protocol5
61011.342248082205,OK,0,protocol5
61072.436857837405,OK,1,protocol5
61135.48982805381,OK,0,protocol5
61176.49142763724,OK,1,protocol5
61281.89694175128,OK,0,protocol5
61295.70851621199,OK,1,protocol5
61410.60886316856,OK,1,protocol5
61471.05933063359,OK,0,protocol5
61557.09919477277,OK,1,protocol5
61642.04554309704,OK,0,protocol5
61687.81743583293,OK,1,protocol5
61771.40613954301,OK,1,protocol5
61835.23971486296,OK,0,protocol5
61869.15383121088,D,1,protocol5
61985.92015439618,OK,1,protocol5
62047.09809678989,OK,0,protocol5
62113.27586674846,OK,1,protocol5
62192.85630162965,OK,0,protocol5
62226.72611200208,OK,1,protocol5
62319.6026819406,OK,1,protocol5
62347.49770005098,OK,0,protocol5
62417.92983708306,OK,1,protocol5
62490.550010028725,OK,0,protocol5
62524.91113137376,OK,1,protocol5
62637.76852110225,OK,1,protocol5
62665.288401247584,OK,0,protocol5
62773.67890695632,D,1,protocol5
62805.543179804896,OK,0,protocol5
62916.13453777052,OK,1,protocol5
62959.422213655336,OK,0,protocol5
63035.420555174525,OK,1,protocol5
63137.03980511469,OK,0,protocol5
63141.406943133865,OK,1,protocol5
63251.34641667586,OK,1,protocol5
63305.973431566206,OK,0,protocol5
63348.54043377271,OK,1,protocol5
63458.961474511445,OK,0,protocol5
63472.03024793006,OK,1,protocol5
63578.839974772585,OK,1,protocol5
63627.74584916913,OK,0,protocol5
63740.99505970423,OK,1,protocol5
63755.21068988629,OK,0,protocol5
63897.19678803641,OK,1,protocol5
63924.33126315516,D,0,protocol5
63995.16271200362,OK,1,protocol5
64019.45733886644,D,0,protocol5
64149.90872332528,OK,1,protocol5
64160.77167169219,OK,0,protocol5
64309.51543367771,OK,1,protocol5
64329.84908546126,OK,0,protocol5
64422.07298115105,OK,1,protocol5
64478.95383477324,OK,0,protocol5
64537.88812568212,OK,1,protocol5
64623.8218898187,OK,0,protocol5
64654.53015345891,OK,1,protocol5
64729.89888885803,OK,0,protocol5
64804.96276741296,D,1,protocol5
64870.45981877668,OK,0,protocol5
64915.38665939725,OK,1,protocol5
65009.73894612506,OK,1,protocol5
65070.66048916769,OK,0,protocol5
65123.80932301363,OK,1,protocol5
65215.10640798227,OK,0,protocol5
65241.34734009769,OK,1,protocol5
65361.81514117611,OK,1,protocol5
65363.91417508695,OK,0,protocol5
65468.04214238895,OK,1,protocol5
65499.01681414634,OK,0,protocol5
65567.26176509951,OK,1,protocol5
65624.64892494516,OK,0,protocol5
65643.07590979965,OK,1,protocol5
65751.7292227466,OK,1,protocol5
65763.96069777421,OK,0,protocol5
65888.04765209655,OK,1,protocol5
65911.71136603641,OK,0,protocol5
66003.02313605994,OK,1,protocol5
66056.3252452294,OK,0,protocol5
66140.89224319517,D,1,protocol5
66192.5094091384,OK,0,protocol5
66269.79671673458,OK,1,protocol5
66377.26757359754,OK,0,protocol5
66393.67527990608,OK,1,protocol5
66510.42088843409,OK,1,protocol5
66541.63409923317,OK,0,protocol5
66598.4592762303,OK,1,protocol5
66645.66590418598,OK,0,protocol5
66714.10346889694,OK,1,protocol5
66815.28188309548,OK,0,protocol5
66831.67704933327,OK,1,protocol5
66905.95870341892,OK,1,protocol5
66960.23940751019,OK,0,protocol5
67041.82694355666,OK,1,protocol5
67072.94327475765,OK,0,protocol5
67171.61511964683,OK,1,protocol5
67187.80781316277,OK,0,protocol5
67284.4529138919,OK,1,protocol5
67379.73657935172,OK,0,protocol5
67418.36543751562,OK,1,protocol5
67530.76937548842,OK,0,protocol5
67531.2929244184,OK,1,protocol5
67659.86990885634,OK,1,protocol5
67686.81052236007,OK,0,protocol5
67787.30897715499,OK,1,protocol5
67803.71549249033,OK,0,protocol5
67905.92291095165,OK,1,protocol5
67918.66768976896,OK,0,protocol5
68023.86335843976,OK,1,protocol5
68096.41449664663,OK,0,protocol5
68118.44416585361,OK,1,protocol5
68213.7988436366,OK,0,protocol5
68235.90188538343,OK,1,protocol5
68408.65942837758,OK,1,protocol5
68411.99658734252,OK,0,protocol5
68529.29878397736,OK,1,protocol5
68537.83071577961,OK,0,protocol5
68669.11234520448,OK,1,protocol5
68719.14241292412,OK,0,protocol5
68801.64470356092,OK,1,protocol5
68885.11544303721,OK,0,protocol5
68948.87505782794,OK,1,protocol5
69049.96316611923,OK,0,protocol5
69060.53009868675,OK,1,protocol5
69186.21801498694,D,1,protocol5
69198.15275941139,OK,0,protocol5
69318.68497528923,OK,1,protocol5
69335.0488090035,OK,0,protocol5
69437.64975326038,OK,1,protocol5
69447.60723966786,OK,0,protocol5
69550.10661330113,OK,1,protocol5
69580.70400398507,OK,0,protocol5
69697.24520285409,OK,1,protocol5
69704.80313364639,OK,0,protocol5
69812.89314455903,OK,1,protocol5
69831.08923157524,OK,0,protocol5
69914.81757033018,OK,1,protocol5
69971.60014928247,D,0,protocol5
70032.04543975175,OK,1,protocol5
70097.11043566444,OK,0,protocol5
70199.638222,OK,1,protocol5
70200.75571076224,OK,0,protocol5
70315.75107783967,OK,1,protocol5
70356.32768388913,OK,0,protocol5
70441.85317369434,OK,1,protocol5
70499.8912658133,OK,0,protocol5
70541.71342148267,OK,1,protocol5
70626.60654221286,OK,0,protocol5
70658.38164441257,OK,1,protocol5
70763.58957847203,OK,0,protocol5
70781.24966981623,OK,1,protocol5
70902.81317476672,D,1,protocol5
70913.6516638687,OK,0,protocol5
71028.5161371066,OK,1,protocol5
71067.22334105999,OK,0,protocol5
71144.9052865529,OK,1,protocol5
71240.76954241618,OK,0,protocol5
71257.81072134805,D,1,protocol5
71378.9659099204,D,1,protocol5
71408.81758339048,OK,0,protocol5
71514.00160270718,OK,1,protocol5
71518.43292456002,D,0,protocol5
71635.11614545777,OK,1,protocol5
71638.81348016525,OK,0,protocol5
71741.55114108077,OK,1,protocol5
71846.70189924161,D,0,protocol5
71931.24323970311,D,1,protocol5
72021.97353306864,OK,0,protocol5
72031.87491080177,OK,1,protocol5
72163.35504820413,OK,1,protocol5
72189.29604216621,OK,0,protocol5
72272.18749252056,OK,1,protocol5
72384.92559026252,OK,0,protocol5
72387.77190364253,OK,1,protocol5
72512.99490519131,OK,1,protocol5
72594.80423168432,OK,0,protocol5
72636.7030267089,OK,1,protocol5
72668.53207266841,OK,0,protocol5
72758.11433303838,D,1,protocol5
72827.16106292418,OK,0,protocol5
72871.81716593087,OK,1,protocol5
72955.81545253395,OK,0,protocol5
73012.40480395588,OK,1,protocol5
73083.22201577554,OK,0,protocol5
73169.29376112668,OK,1,protocol5
73217.48391169356,OK,0,protocol5
73264.2293734298,OK,1,protocol5
73354.49864274658,OK,0,protocol5
73360.3474584519,OK,1,protocol5
73484.28676683822,OK,1,protocol5
73503.22827028777,OK,0,protocol5
73592.74288047751,OK,1,protocol5
73664.32219943986,OK,0,protocol5
73717.56229971515,OK,1,protocol5
73784.27344492583,OK,0,protocol5
73828.92807772454,OK,1,protocol5
73944.41174437769,OK,0,protocol5
73950.56519504712,OK,1,protocol5
74091.17723291802,OK,1,protocol5
74092.25293371007,OK,0,protocol5
74169.46369191534,OK,1,protocol5
74279.74963760382,OK,0,protocol5
74298.69829225464,OK,1,protocol5
74391.74862701826,OK,1,protocol5
74460.6035778392,OK,0,protocol5
74541.59741424184,OK,1,protocol5
74625.37024994387,OK,0,protocol5
74679.43595590183,OK,1,protocol5
74786.36544901793,OK,0,protocol5
74792.10578092428,OK,1,protocol5
74876.51747957968,OK,1,protocol5
74951.94963246488,OK,0,protocol5
75011.23363483728,D,1,protocol5
75099.85924373085,OK,0,protocol5
75126.76841153459,OK,1,protocol5
75205.21034622676,OK,0,protocol5
75241.02510058168,OK,1,protocol5
75355.41530053614,D,1,protocol5
75370.01737522817,OK,0,protocol5
75484.25624686987,OK,1,protocol5
75512.0275260368,OK,0,protocol5
75602.65035040524,OK,1,protocol5
75637.19452422582,OK,0,protocol5
75698.26464289233,OK,1,protocol5
75804.17755384654,D,0,protocol5
75838.93846862011,OK,1,protocol5
75949.46759733949,OK,0,protocol5
75964.70643976645,OK,1,protocol5
76097.23091476147,OK,1,protocol5
76125.330526688,OK,0,protocol5
76218.322750207,OK,1,protocol5
76290.76983958278,OK,0,protocol5
76337.0353108282,OK,1,protocol5
76404.18758727044,OK,1,protocol5
76443.76359577489,OK,0,protocol5
76505.36821522226,OK,1,protocol5
76645.6559837001,OK,0,protocol5
76656.19565040052,OK,1,protocol5
76770.9048096497,OK,1,protocol5
76792.55924872324,OK,0,protocol5
76871.27801889063,OK,1,protocol5
76943.4308764557,OK,0,protocol5
76975.7198407311,OK,1,protocol5
77079.93248990462,OK,1,protocol5
77089.88980075516,OK,0,protocol5
77188.18334865035,OK,1,protocol5
77210.00652747009,OK,0,protocol5
77296.1586267294,OK,1,protocol5
77340.89246968548,OK,0,protocol5
77468.52378755616,OK,1,protocol5
77502.64148628866,OK,0,protocol5
77589.96023690276,OK,1,protocol5
77664.51377060181,OK,0,protocol5
77719.2641893542,OK,1,protocol5
77799.90622262891,OK,0,protocol5
77847.95312393286,OK,1,protocol5
77954.04260680781,OK,0,protocol5
77982.90632925177,OK,1,protocol5
78098.64869083713,OK,1,protocol5
78109.84898678854,OK,0,protocol5
78207.81041356697,OK,1,protocol5
78229.61407692386,D,0,protocol5
78309.70094748578,OK,1,protocol5
78385.23546880497,D,0,protocol5
78402.27622510218,OK,1,protocol5
78514.86274104648,OK,1,protocol5
78546.72377356316,OK,0,protocol5
78676.55512131455,OK,1,protocol5
78701.26973407765,OK,0,protocol5
78802.73460940842,OK,1,protocol5
78826.28994472482,OK,0,protocol5
78962.13831727508,OK,1,protocol5
79003.40774921,OK,0,protocol5
79115.35282695673,OK,1,protocol5
79167.87833041031,OK,0,protocol5
79211.98810951039,OK,1,protocol5
79306.84620476508,OK,0,protocol5
79341.72174018963,OK,1,protocol5
79441.15732121181,OK,1,protocol5
79503.89818882082,D,0,protocol5
79541.12173453876,OK,1,protocol5
79658.35617071345,D,1,protocol5
79667.66741482803,OK,0,protocol5
79771.07345180215,OK,1,protocol5
79779.72686975998,OK,0,protocol5
79884.43842364219,OK,1,protocol5
79929.1022004718,OK,0,protocol5
80024.03401968598,OK,1,protocol5
80037.71594334609,OK,0,protocol5
80144.74124806093,OK,1,protocol5
80200.00758015642,OK,0,protocol5
80277.7519563282,OK,1,protocol5
80305.92486064206,OK,0,protocol5
80407.64478315918,OK,1,protocol5
80414.549337624,OK,0,protocol5
80527.10068608483,OK,1,protocol5
80551.02353198046,OK,0,protocol5
80637.28562545415,D,1,protocol5
80758.8294402666,OK,0,protocol5
80773.11571570655,OK,1,protocol5
80889.06279844961,OK,1,protocol5
80912.60805572408,D,0,protocol5
81015.92547154982,OK,1,protocol5
81055.42373733343,OK,0,protocol5
81123.33049792616,OK,1,protocol5
81189.85980212138,OK,0,protocol5
81229.39614772957,OK,1,protocol5
81320.32387154228,OK,0,protocol5
81347.82022064894,OK,1,protocol5
81480.24458484112,OK,1,protocol5
81516.36737718961,OK,0,protocol5
81640.16629103146,OK,1,protocol5
81646.90393980137,OK,0,protocol5
81751.38003828912,OK,1,protocol5
81813.80350890823,OK,0,protocol5
81845.38704516258,OK,1,protocol5
81960.2383827173,OK,0,protocol5
81962.83209946209,OK,1,protocol5
82072.52879191711,OK,1,protocol5
82078.21740324907,OK,0,protocol5
82209.41888293259,OK,1,protocol5
82256.76363557253,OK,0,protocol5
82318.27157915167,OK,1,protocol5
82403.51912458998,OK,0,protocol5
82441.73375254092,OK,1,protocol5
82556.56314000442,OK,1,protocol5
82574.34441812678,OK,0,protocol5
82673.95920368246,OK,1,protocol5
82718.33714498115,OK,0,protocol5
82834.76242663499,OK,1,protocol5
82890.9558495819,OK,0,protocol5
82994.31191907791,OK,1,protocol5
83002.48046509338,OK,0,protocol5
83135.88641878267,OK,1,protocol5
83150.2802227718,OK,0,protocol5
83251.25957361578,D,1,protocol5
83320.97990776271,OK,0,protocol5
83375.74330401476,OK,1,protocol5
83473.72737539453,OK,0,protocol5
83484.02030006316,OK,1,protocol5
83593.39008659992,OK,1,protocol5
83648.76557078566,OK,0,protocol5
83740.6234825954,OK,1,protocol5
83795.32727445858,OK,0,protocol5
83869.38271900246,OK,1,protocol5
83902.42394458286,OK,0,protocol5
83999.65723412744,OK,1,protocol5
84051.43836300087,D,0,protocol5
84134.30729287112,OK,1,protocol5
84226.66330466559,OK,0,protocol5
84251.63055053596,OK,1,protocol5
84366.60834154052,OK,1,protocol5
84376.5778876698,OK,0,protocol5
84500.81615163008,OK,1,protocol5
84556.60358960916,OK,0,protocol5
84608.81773337974,OK,1,protocol5
84673.6550126908,OK,0,protocol5
84692.38855961134,OK,1,protocol5
84798.32194130923,D,1,protocol5
84828.74228364103,D,0,protocol5
84930.51690293443,OK,1,protocol5
84983.27657430315,OK,0,protocol5
85057.81556948696,OK,1,protocol5
85108.72373026749,OK,0,protocol5
85137.0464216873,OK,1,protocol5
85248.11242926573,OK,1,protocol5
85289.67994282155,OK,0,protocol5
85387.16230578179,OK,1,protocol5
85409.56055814598,OK,0,protocol5
85506.65157382343,OK,1,protocol5
85570.1090393375,OK,0,protocol5
85630.91691963052,D,1,protocol5
85753.46416357055,OK,0,protocol5
85763.23273433848,OK,1,protocol5
85881.6037675168,OK,1,protocol5
85901.58514301878,OK,0,protocol5
86001.06286824794,OK,1,protocol5
86047.36045646272,OK,0,protocol5
86117.15738680132,OK,1,protocol5
86185.17509314438,OK,0,protocol5
86230.7052829801,OK,1,protocol5
86288.67108457048,OK,0,protocol5
86316.97300062438,OK,1,protocol5
86411.03906028686,OK,0,protocol5
86441.55506674068,OK,1,protocol5
86562.1922202377,D,1,protocol5
86575.24811787964,OK,0,protocol5
86679.01124723897,OK,1,protocol5
86708.37400046323,OK,0,protocol5
86823.91106942146,OK,1,protocol5
86832.26023559074,OK,0,protocol5
86971.18242408492,OK,1,protocol5
86978.6636481856,OK,0,protocol5
87114.358375094,OK,1,protocol5
87136.20045207269,OK,0,protocol5
87261.52771805372,OK,1,protocol5
87271.50272385009,OK,0,protocol5
87397.27124825661,OK,1,protocol5
87398.25724336634,OK,0,protocol5
87546.18719184776,OK,1,protocol5
87579.11880228223,OK,0,protocol5
87675.21057449836,OK,1,protocol5
87733.14749718276,OK,0,protocol5
87777.7349959767,OK,1,protocol5
87850.45693986159,OK,0,protocol5
87857.05437200516,OK,1,protocol5
87967.14298967322,OK,1,protocol5
87993.33044922873,OK,0,protocol5
88132.96764701052,OK,1,protocol5
88151.97946373533,OK,0,protocol5
88232.2971259056,OK,1,protocol5
88311.4859486198,OK,0,protocol5
88346.55342424124,OK,1,protocol5
88479.06485685651,OK,0,protocol5
88485.37602598719,OK,1,protocol5
88604.43157588494,OK,1,protocol5
88675.25761543024,OK,0,protocol5
88710.16734059925,OK,1,protocol5
88820.0973438319,OK,1,protocol5
88859.74697436938,OK,0,protocol5
88922.74653357839,OK,1,protocol5
89003.85390152548,D,0,protocol5
89030.84137913263,OK,1,protocol5
89121.26262820949,OK,1,protocol5
89148.46902567787,OK,0,protocol5
89239.29648943782,OK,1,protocol5
89338.40368176074,OK,0,protocol5
89353.41117174637,OK,1,protocol5
89469.11073034849,OK,1,protocol5
89498.5006880469,OK,0,protocol5
89585.61644559479,OK,1,protocol5
89629.77769830504,OK,0,protocol5
89723.29929217962,OK,1,protocol5
89805.74818142997,OK,0,protocol5
89846.85051311174,OK,1,protocol5
89975.15213620353,OK,0,protocol5
89978.01325082981,OK,1,protocol5
90115.043997495,OK,1,protocol5
90136.43382036305,OK,0,protocol5
90226.26971631896,OK,1,protocol5
90259.0360518395,OK,0,protocol5
90384.07734356388,OK,1,protocol5
90391.51824736876,D,0,protocol5
90491.7820063754,D,1,protocol5
90523.49368550966,OK,0,protocol5
90642.67283342844,OK,1,protocol5
90644.47452489428,OK,0,protocol5
90744.53047991768,OK,1,protocol5
90811.75539495167,D,0,protocol5
90831.10953144272,OK,1,protocol5
90946.63585230566,OK,1,protocol5
90971.56665295994,OK,0,protocol5
91068.17737604468,OK,1,protocol5
91096.36958816642,OK,0,protocol5
91184.20294950636,OK,1,protocol5
91311.6802277245,OK,0,protocol5
91342.2628919678,OK,1,protocol5
91471.51729081634,OK,1,protocol5
91473.7930235167,OK,0,protocol5
91607.36105711052,OK,1,protocol5
91634.1680445498,OK,0,protocol5
91722.17217360808,OK,1,protocol5
91787.39019962071,OK,0,protocol5
91850.82673584182,OK,1,protocol5
91933.6759881263,OK,0,protocol5
91964.86213855803,OK,1,protocol5
92061.91071643114,OK,0,protocol5
92075.58830520416,OK,1,protocol5
92195.36937536713,OK,1,protocol5
92232.52683345231,OK,0,protocol5
92319.25341128206,OK,1,protocol5
92364.76554144252,OK,0,protocol5
92448.7425241934,OK,1,protocol5
92517.06354242432,OK,0,protocol5
92598.62500694416,OK,1,protocol5
92636.11560080454,OK,0,protocol5
92705.69627859107,OK,1,protocol5
92799.25088680154,OK,0,protocol5
92828.18166268384,OK,1,protocol5
92945.38085618852,OK,1,protocol5
92988.32875510688,OK,0,protocol5
93052.62553028532,OK,1,protocol5
93159.55976646506,OK,0,protocol5
93196.65484001776,OK,1,protocol5
93285.2909590014,OK,0,protocol5
93318.05604875968,OK,1,protocol5
93426.55947722388,OK,1,protocol5
93435.57074551152,OK,0,protocol5
93536.76154228428,OK,1,protocol5
93607.48431589307,D,0,protocol5
93650.22072728054,OK,1,protocol5
93757.50850578771,OK,0,protocol5
93771.83186609187,OK,1,protocol5
93898.14411049608,OK,1,protocol5
93915.41347316268,OK,0,protocol5
94015.80144009128,OK,1,protocol5
94078.1032562606,OK,0,protocol5
94139.09571192706,OK,1,protocol5
94241.03360227878,D,0,protocol5
94274.57662148548,OK,1,protocol5
94349.4957233769,OK,1,protocol5
94371.4345639686,OK,0,protocol5
94454.1887144604,OK,1,protocol5
94508.56640573512,OK,0,protocol5
94591.84527315178,OK,1,protocol5
94659.42129775656,OK,0,protocol5
94746.58075074803,OK,1,protocol5
94820.28293763832,OK,0,protocol5
94857.80645786838,OK,1,protocol5
94910.93394130748,OK,0,protocol5
94971.02099851888,OK,1,protocol5
95063.19800516136,D,0,protocol5
95081.51530421256,D,1,protocol5
95181.64185065927,OK,1,protocol5
95224.6993561316,OK,0,protocol5
95300.78293377953,OK,1,protocol5
95379.17813639286,OK,0,protocol5
95414.33681875002,OK,1,protocol5
95482.10644190566,D,0,protocol5
95575.85061751572,OK,1,protocol5
95615.44747297748,OK,0,protocol5
95693.56720850489,OK,1,protocol5
95742.75660070954,OK,0,protocol5
95811.44715139209,OK,1,protocol5
95854.08618748236,OK,0,protocol5
95907.62007095548,OK,1,protocol5
95965.66206216122,OK,0,protocol5
96014.26669248148,OK,1,protocol5
96108.23167659069,OK,1,protocol5
96166.3244335745,OK,0,protocol5
96203.01287315266,D,1,protocol5
96335.40627421172,OK,1,protocol5
96341.12245557348,OK,0,protocol5
96434.85110689414,OK,1,protocol5
96494.03586504096,OK,0,protocol5
96560.11115937516,OK,1,protocol5
96650.47600712796,OK,0,protocol5
96658.92937845626,OK,1,protocol5
96762.70445784356,OK,1,protocol5
96788.94052505434,OK,0,protocol5
96854.59942117672,OK,1,protocol5
96934.4720605115,OK,1,protocol5
96953.3740404958,OK,0,protocol5
97019.88345525922,OK,1,protocol5
97080.6141546459,OK,0,protocol5
97116.89010751474,OK,1,protocol5
97196.2847876901,OK,0,protocol5
97250.13814640883,D,1,protocol5
97353.40080370277,OK,1,protocol5
97364.37536840736,OK,0,protocol5
97450.1818120355,OK,1,protocol5
97570.72232153614,OK,0,protocol5
97577.62195724684,OK,1,protocol5
97670.6444039334,OK,1,protocol5
97747.08853389902,OK,0,protocol5
97800.36282254772,OK,1,protocol5
97874.0629502796,OK,0,protocol5
97904.59242190282,OK,1,protocol5
98051.34591629362,OK,1,protocol5
98057.43470138674,OK,0,protocol5
98177.10639687326,D,1,protocol5
98198.62327166431,OK,0,protocol5
98261.07042142902,OK,1,protocol5
98343.5507320912,OK,0,protocol5
98373.23356689804,OK,1,protocol5
98455.7821890593,D,1,protocol5
98520.9894371037,OK,0,protocol5
98568.76823005444,OK,1,protocol5
98669.63784513251,OK,1,protocol5
98729.01007481095,D,0,protocol5
98796.4698385872,OK,1,protocol5
98884.73761276597,D,0,protocol5
98901.30461040633,OK,1,protocol5
98981.56948790923,OK,0,protocol5
99016.24327621148,OK,1,protocol5
99144.89115453111,OK,1,protocol5
99147.30143309048,OK,0,protocol5
99263.76325708813,OK,1,protocol5
99276.13232441214,OK,0,protocol5
99399.58123894254,OK,1,protocol5
99443.71023628036,OK,0,protocol5
99554.50536309308,OK,1,protocol5
99599.23419367516,OK,0,protocol5
99677.8933979952,OK,1,protocol5
99755.99285561922,OK,0,protocol5
99785.57223801718,D,1,protocol5
99877.12492793116,OK,1,protocol5
99923.49000625436,OK,0,protocol5
99979.9254830116,OK,1,protocol5
